articleLink,externalLink,rel,dateOfPost
https://startuptalky.com/techniques-to-improve-sewing-business/,,,10-6-2020
https://startuptalky.com/techniques-to-improve-sewing-business/,https://appsumo.8odi.net/gnJWg,,10-6-2020
https://startuptalky.com/techniques-to-improve-sewing-business/,https://www.instagram.com/startup_talky/,,10-6-2020
https://startuptalky.com/techniques-to-improve-sewing-business/,https://www.linkedin.com/company/14405761,,10-6-2020
https://startuptalky.com/insurance-industry-in-india/,,,10-6-2020
https://startuptalky.com/insurance-industry-in-india/,https://appsumo.8odi.net/gnJWg,,10-6-2020
https://startuptalky.com/insurance-industry-in-india/,https://www.instagram.com/startup_talky/,,10-6-2020
https://startuptalky.com/insurance-industry-in-india/,https://www.linkedin.com/company/14405761,,10-6-2020
https://startuptalky.com/author/tushar/,https://www.instagram.com/startup_talky/,,10-6-2020
https://startuptalky.com/author/tushar/,https://www.linkedin.com/company/14405761,,10-6-2020
https://startuptalky.com/author/arbaaz/,https://www.instagram.com/startup_talky/,,10-6-2020
https://startuptalky.com/author/arbaaz/,https://www.linkedin.com/company/14405761,,10-6-2020
https://startuptalky.com/user-com-success-story/,mailto:contact@user.com,,10-6-2020
https://startuptalky.com/user-com-success-story/,http://www.rishabhrathi.co/,,10-6-2020
https://startuptalky.com/user-com-success-story/,https://appsumo.8odi.net/gnJWg,,10-6-2020
https://startuptalky.com/user-com-success-story/,https://www.instagram.com/startup_talky/,,10-6-2020
https://startuptalky.com/user-com-success-story/,https://www.linkedin.com/company/14405761,,10-6-2020
https://startuptalky.com/author/lakshya/,,,10-6-2020
https://startuptalky.com/author/lakshya/,https://www.instagram.com/startup_talky/,,10-6-2020
https://startuptalky.com/author/lakshya/,https://www.linkedin.com/company/14405761,,10-6-2020
https://startuptalky.com/foxmula-success-story/,http://www.rishabhrathi.co/,,10-6-2020
https://startuptalky.com/foxmula-success-story/,https://appsumo.8odi.net/gnJWg,,10-6-2020
https://startuptalky.com/foxmula-success-story/,https://www.instagram.com/startup_talky/,,10-6-2020
https://startuptalky.com/foxmula-success-story/,https://www.linkedin.com/company/14405761,,10-6-2020
https://startuptalky.com/author/startuptalky/,https://www.instagram.com/startup_talky/,,10-6-2020
https://startuptalky.com/author/startuptalky/,https://www.linkedin.com/company/14405761,,10-6-2020
https://startuptalky.com/grabon-coupon-website-success-story/,https://www.bcg.com/publications/2017/five-surprises-indians-shop-online-offline.aspx?redir=true,,10-6-2020
https://startuptalky.com/grabon-coupon-website-success-story/,https://appsumo.8odi.net/gnJWg,,10-6-2020
https://startuptalky.com/grabon-coupon-website-success-story/,https://www.instagram.com/startup_talky/,,10-6-2020
https://startuptalky.com/grabon-coupon-website-success-story/,https://www.linkedin.com/company/14405761,,10-6-2020
https://startuptalky.com/fabrento-success-story/,mailto:hello@fabrento.com,,10-6-2020
https://startuptalky.com/fabrento-success-story/,http://Fabrento_advisor_mentor,,10-6-2020
https://startuptalky.com/fabrento-success-story/,https://www.fabrento.com/mumbai/cms/offer,,10-6-2020
https://startuptalky.com/fabrento-success-story/,http://www.rishabhrathi.co/,,10-6-2020
https://startuptalky.com/fabrento-success-story/,https://appsumo.8odi.net/gnJWg,,10-6-2020
https://startuptalky.com/fabrento-success-story/,https://www.instagram.com/startup_talky/,,10-6-2020
https://startuptalky.com/fabrento-success-story/,https://www.linkedin.com/company/14405761,,10-6-2020
https://startuptalky.com/indian-funding-investor-data/,https://appsumo.8odi.net/gnJWg,,10-6-2020
https://startuptalky.com/indian-funding-investor-data/,https://www.instagram.com/startup_talky/,,10-6-2020
https://startuptalky.com/indian-funding-investor-data/,https://www.linkedin.com/company/14405761,,10-6-2020
https://startuptalky.com/author/jeenal/,https://www.instagram.com/startup_talky/,,10-6-2020
https://startuptalky.com/author/jeenal/,https://www.linkedin.com/company/14405761,,10-6-2020
https://startuptalky.com/author/disha/,https://www.instagram.com/startup_talky/,,10-6-2020
https://startuptalky.com/author/disha/,https://www.linkedin.com/company/14405761,,10-6-2020
https://startuptalky.com/author/rishabhrathi22/,http://www.rishabhrathi.co/,,10-6-2020
https://startuptalky.com/author/rishabhrathi22/,https://www.instagram.com/startup_talky/,,10-6-2020
https://startuptalky.com/author/rishabhrathi22/,https://www.linkedin.com/company/14405761,,10-6-2020
https://startuptalky.com/author/krishna/,https://www.instagram.com/startup_talky/,,10-6-2020
https://startuptalky.com/author/krishna/,https://www.linkedin.com/company/14405761,,10-6-2020
https://startuptalky.com/author/yash/,https://www.instagram.com/startup_talky/,,10-6-2020
https://startuptalky.com/author/yash/,https://www.linkedin.com/company/14405761,,10-6-2020
https://startuptalky.com/gary-vaynerchuk-success-story/,https://appsumo.8odi.net/gnJWg,,10-6-2020
https://startuptalky.com/gary-vaynerchuk-success-story/,https://www.instagram.com/startup_talky/,,10-6-2020
https://startuptalky.com/gary-vaynerchuk-success-story/,https://www.linkedin.com/company/14405761,,10-6-2020
https://startuptalky.com/author/chayanika/,https://www.instagram.com/startup_talky/,,10-6-2020
https://startuptalky.com/author/chayanika/,https://www.linkedin.com/company/14405761,,10-6-2020
https://startuptalky.com/b2b-lead-generation-strategies-tools/,https://appsumo.8odi.net/gnJWg,,10-6-2020
https://startuptalky.com/b2b-lead-generation-strategies-tools/,https://www.instagram.com/startup_talky/,,10-6-2020
https://startuptalky.com/b2b-lead-generation-strategies-tools/,https://www.linkedin.com/company/14405761,,10-6-2020
https://startuptalky.com/author/varad-kitey/,https://twitter.com/VarradKitey,,10-6-2020
https://startuptalky.com/author/varad-kitey/,,,10-6-2020
https://startuptalky.com/author/varad-kitey/,https://www.instagram.com/startup_talky/,,10-6-2020
https://startuptalky.com/author/varad-kitey/,https://www.linkedin.com/company/14405761,,10-6-2020
https://startuptalky.com/author/avantika/,https://twitter.com/AvantikaBhard19,,10-6-2020
https://startuptalky.com/author/avantika/,,,10-6-2020
https://startuptalky.com/author/avantika/,https://www.instagram.com/startup_talky/,,10-6-2020
https://startuptalky.com/author/avantika/,https://www.linkedin.com/company/14405761,,10-6-2020
https://startuptalky.com/college-dropout-indian-entrepreneurs/,https://appsumo.8odi.net/gnJWg,,9-6-2020
https://startuptalky.com/college-dropout-indian-entrepreneurs/,https://www.instagram.com/startup_talky/,,9-6-2020
https://startuptalky.com/college-dropout-indian-entrepreneurs/,https://www.linkedin.com/company/14405761,,9-6-2020
https://startuptalky.com/watasale-first-cashier-free-store-india/,https://appsumo.8odi.net/gnJWg,,9-6-2020
https://startuptalky.com/watasale-first-cashier-free-store-india/,https://www.instagram.com/startup_talky/,,9-6-2020
https://startuptalky.com/watasale-first-cashier-free-store-india/,https://www.linkedin.com/company/14405761,,9-6-2020
https://startuptalky.com/blogging-tools/,https://twitter.com/SwetaSi00713937,,9-6-2020
https://startuptalky.com/blogging-tools/,,,9-6-2020
https://startuptalky.com/blogging-tools/,https://appsumo.8odi.net/gnJWg,,9-6-2020
https://startuptalky.com/blogging-tools/,https://www.instagram.com/startup_talky/,,9-6-2020
https://startuptalky.com/blogging-tools/,https://www.linkedin.com/company/14405761,,9-6-2020
https://startuptalky.com/author/sweta/,https://twitter.com/SwetaSi00713937,,9-6-2020
https://startuptalky.com/author/sweta/,,,9-6-2020
https://startuptalky.com/author/sweta/,https://www.instagram.com/startup_talky/,,9-6-2020
https://startuptalky.com/author/sweta/,https://www.linkedin.com/company/14405761,,9-6-2020
https://startuptalky.com/msme-business-ideas/,,,9-6-2020
https://startuptalky.com/msme-business-ideas/,https://appsumo.8odi.net/gnJWg,,9-6-2020
https://startuptalky.com/msme-business-ideas/,https://www.instagram.com/startup_talky/,,9-6-2020
https://startuptalky.com/msme-business-ideas/,https://www.linkedin.com/company/14405761,,9-6-2020
https://startuptalky.com/author/piyush/,https://www.instagram.com/startup_talky/,,9-6-2020
https://startuptalky.com/author/piyush/,https://www.linkedin.com/company/14405761,,9-6-2020
https://startuptalky.com/author/himaya/,https://www.instagram.com/startup_talky/,,9-6-2020
https://startuptalky.com/author/himaya/,https://www.linkedin.com/company/14405761,,9-6-2020
https://startuptalky.com/author/yash-raj-srivastava/,,,9-6-2020
https://startuptalky.com/author/yash-raj-srivastava/,https://www.instagram.com/startup_talky/,,9-6-2020
https://startuptalky.com/author/yash-raj-srivastava/,https://www.linkedin.com/company/14405761,,9-6-2020
https://startuptalky.com/about-us/,https://docs.google.com/forms/d/e/1FAIpQLScWwv_A1ekTB3emy4pITsae3E09YKNObiCE_0aD64lJ1bwuyw/viewform,,9-6-2020
https://startuptalky.com/about-us/,https://www.instagram.com/startup_talky/,,9-6-2020
https://startuptalky.com/about-us/,https://www.linkedin.com/company/14405761,,9-6-2020
https://startuptalky.com/,https://www.instagram.com/startup_talky/,,7-6-2020
https://startuptalky.com/,https://www.linkedin.com/company/14405761,,7-6-2020
https://startuptalky.com/signup/free/,https://www.instagram.com/startup_talky/,,7-6-2020
https://startuptalky.com/signup/free/,https://www.linkedin.com/company/14405761,,7-6-2020
https://startuptalky.com/signin/,https://www.instagram.com/startup_talky/,,7-6-2020
https://startuptalky.com/signin/,https://www.linkedin.com/company/14405761,,7-6-2020
https://startuptalky.com/account/,https://www.instagram.com/startup_talky/,,7-6-2020
https://startuptalky.com/account/,https://www.linkedin.com/company/14405761,,7-6-2020
https://startuptalky.com/signup/,https://www.instagram.com/startup_talky/,,7-6-2020
https://startuptalky.com/signup/,https://www.linkedin.com/company/14405761,,7-6-2020
https://startuptalky.com/editorial-opportunities/,https://www.instagram.com/startup_talky/,,14-2-2020
https://startuptalky.com/editorial-opportunities/,https://www.linkedin.com/company/14405761,,14-2-2020
https://startuptalky.com/contact-us/,https://www.instagram.com/startup_talky/,,25-1-2020
https://startuptalky.com/contact-us/,https://www.linkedin.com/company/14405761,,25-1-2020
https://startuptalky.com/startuptalky-contributor/,https://www.instagram.com/startup_talky/,,12-0-2020
https://startuptalky.com/startuptalky-contributor/,https://www.linkedin.com/company/14405761,,12-0-2020
https://startuptalky.com/privacy-policy/,https://www.instagram.com/startup_talky/,,10-0-2020
https://startuptalky.com/privacy-policy/,https://www.linkedin.com/company/14405761,,10-0-2020
https://startuptalky.com/startup-founders-interview/,https://www.instagram.com/startup_talky/,,14-10-2019
https://startuptalky.com/startup-founders-interview/,https://www.linkedin.com/company/14405761,,14-10-2019
https://startuptalky.com/copyright/,https://www.instagram.com/startup_talky/,,12-9-2019
https://startuptalky.com/copyright/,https://www.linkedin.com/company/14405761,,12-9-2019
https://startuptalky.com/techniques-to-improve-sewing-business/,,,10-6-2020
https://startuptalky.com/techniques-to-improve-sewing-business/,https://appsumo.8odi.net/gnJWg,,10-6-2020
https://startuptalky.com/techniques-to-improve-sewing-business/,https://www.instagram.com/startup_talky/,,10-6-2020
https://startuptalky.com/techniques-to-improve-sewing-business/,https://www.linkedin.com/company/14405761,,10-6-2020
https://startuptalky.com/insurance-industry-in-india/,,,10-6-2020
https://startuptalky.com/insurance-industry-in-india/,https://appsumo.8odi.net/gnJWg,,10-6-2020
https://startuptalky.com/insurance-industry-in-india/,https://www.instagram.com/startup_talky/,,10-6-2020
https://startuptalky.com/insurance-industry-in-india/,https://www.linkedin.com/company/14405761,,10-6-2020
https://startuptalky.com/author/tushar/,https://www.instagram.com/startup_talky/,,10-6-2020
https://startuptalky.com/author/tushar/,https://www.linkedin.com/company/14405761,,10-6-2020
https://startuptalky.com/author/arbaaz/,https://www.instagram.com/startup_talky/,,10-6-2020
https://startuptalky.com/author/arbaaz/,https://www.linkedin.com/company/14405761,,10-6-2020
https://startuptalky.com/user-com-success-story/,mailto:contact@user.com,,10-6-2020
https://startuptalky.com/user-com-success-story/,http://www.rishabhrathi.co/,,10-6-2020
https://startuptalky.com/user-com-success-story/,https://appsumo.8odi.net/gnJWg,,10-6-2020
https://startuptalky.com/user-com-success-story/,https://www.instagram.com/startup_talky/,,10-6-2020
https://startuptalky.com/user-com-success-story/,https://www.linkedin.com/company/14405761,,10-6-2020
https://startuptalky.com/author/lakshya/,,,10-6-2020
https://startuptalky.com/author/lakshya/,https://www.instagram.com/startup_talky/,,10-6-2020
https://startuptalky.com/author/lakshya/,https://www.linkedin.com/company/14405761,,10-6-2020
https://startuptalky.com/foxmula-success-story/,http://www.rishabhrathi.co/,,10-6-2020
https://startuptalky.com/foxmula-success-story/,https://appsumo.8odi.net/gnJWg,,10-6-2020
https://startuptalky.com/foxmula-success-story/,https://www.instagram.com/startup_talky/,,10-6-2020
https://startuptalky.com/foxmula-success-story/,https://www.linkedin.com/company/14405761,,10-6-2020
https://startuptalky.com/author/startuptalky/,https://www.instagram.com/startup_talky/,,10-6-2020
https://startuptalky.com/author/startuptalky/,https://www.linkedin.com/company/14405761,,10-6-2020
https://startuptalky.com/grabon-coupon-website-success-story/,https://www.bcg.com/publications/2017/five-surprises-indians-shop-online-offline.aspx?redir=true,,10-6-2020
https://startuptalky.com/grabon-coupon-website-success-story/,https://appsumo.8odi.net/gnJWg,,10-6-2020
https://startuptalky.com/grabon-coupon-website-success-story/,https://www.instagram.com/startup_talky/,,10-6-2020
https://startuptalky.com/grabon-coupon-website-success-story/,https://www.linkedin.com/company/14405761,,10-6-2020
https://startuptalky.com/fabrento-success-story/,mailto:hello@fabrento.com,,10-6-2020
https://startuptalky.com/fabrento-success-story/,http://Fabrento_advisor_mentor,,10-6-2020
https://startuptalky.com/fabrento-success-story/,https://www.fabrento.com/mumbai/cms/offer,,10-6-2020
https://startuptalky.com/fabrento-success-story/,http://www.rishabhrathi.co/,,10-6-2020
https://startuptalky.com/fabrento-success-story/,https://appsumo.8odi.net/gnJWg,,10-6-2020
https://startuptalky.com/fabrento-success-story/,https://www.instagram.com/startup_talky/,,10-6-2020
https://startuptalky.com/fabrento-success-story/,https://www.linkedin.com/company/14405761,,10-6-2020
https://startuptalky.com/indian-funding-investor-data/,https://appsumo.8odi.net/gnJWg,,10-6-2020
https://startuptalky.com/indian-funding-investor-data/,https://www.instagram.com/startup_talky/,,10-6-2020
https://startuptalky.com/indian-funding-investor-data/,https://www.linkedin.com/company/14405761,,10-6-2020
https://startuptalky.com/author/jeenal/,https://www.instagram.com/startup_talky/,,10-6-2020
https://startuptalky.com/author/jeenal/,https://www.linkedin.com/company/14405761,,10-6-2020
https://startuptalky.com/author/disha/,https://www.instagram.com/startup_talky/,,10-6-2020
https://startuptalky.com/author/disha/,https://www.linkedin.com/company/14405761,,10-6-2020
https://startuptalky.com/author/rishabhrathi22/,http://www.rishabhrathi.co/,,10-6-2020
https://startuptalky.com/author/rishabhrathi22/,https://www.instagram.com/startup_talky/,,10-6-2020
https://startuptalky.com/author/rishabhrathi22/,https://www.linkedin.com/company/14405761,,10-6-2020
https://startuptalky.com/author/krishna/,https://www.instagram.com/startup_talky/,,10-6-2020
https://startuptalky.com/author/krishna/,https://www.linkedin.com/company/14405761,,10-6-2020
https://startuptalky.com/author/yash/,https://www.instagram.com/startup_talky/,,10-6-2020
https://startuptalky.com/author/yash/,https://www.linkedin.com/company/14405761,,10-6-2020
https://startuptalky.com/gary-vaynerchuk-success-story/,https://appsumo.8odi.net/gnJWg,,10-6-2020
https://startuptalky.com/gary-vaynerchuk-success-story/,https://www.instagram.com/startup_talky/,,10-6-2020
https://startuptalky.com/gary-vaynerchuk-success-story/,https://www.linkedin.com/company/14405761,,10-6-2020
https://startuptalky.com/author/chayanika/,https://www.instagram.com/startup_talky/,,10-6-2020
https://startuptalky.com/author/chayanika/,https://www.linkedin.com/company/14405761,,10-6-2020
https://startuptalky.com/b2b-lead-generation-strategies-tools/,https://appsumo.8odi.net/gnJWg,,10-6-2020
https://startuptalky.com/b2b-lead-generation-strategies-tools/,https://www.instagram.com/startup_talky/,,10-6-2020
https://startuptalky.com/b2b-lead-generation-strategies-tools/,https://www.linkedin.com/company/14405761,,10-6-2020
https://startuptalky.com/author/varad-kitey/,https://twitter.com/VarradKitey,,10-6-2020
https://startuptalky.com/author/varad-kitey/,,,10-6-2020
https://startuptalky.com/author/varad-kitey/,https://www.instagram.com/startup_talky/,,10-6-2020
https://startuptalky.com/author/varad-kitey/,https://www.linkedin.com/company/14405761,,10-6-2020
https://startuptalky.com/author/avantika/,https://twitter.com/AvantikaBhard19,,10-6-2020
https://startuptalky.com/author/avantika/,,,10-6-2020
https://startuptalky.com/author/avantika/,https://www.instagram.com/startup_talky/,,10-6-2020
https://startuptalky.com/author/avantika/,https://www.linkedin.com/company/14405761,,10-6-2020
https://startuptalky.com/college-dropout-indian-entrepreneurs/,https://appsumo.8odi.net/gnJWg,,9-6-2020
https://startuptalky.com/college-dropout-indian-entrepreneurs/,https://www.instagram.com/startup_talky/,,9-6-2020
https://startuptalky.com/college-dropout-indian-entrepreneurs/,https://www.linkedin.com/company/14405761,,9-6-2020
https://startuptalky.com/watasale-first-cashier-free-store-india/,https://appsumo.8odi.net/gnJWg,,9-6-2020
https://startuptalky.com/watasale-first-cashier-free-store-india/,https://www.instagram.com/startup_talky/,,9-6-2020
https://startuptalky.com/watasale-first-cashier-free-store-india/,https://www.linkedin.com/company/14405761,,9-6-2020
https://startuptalky.com/blogging-tools/,https://twitter.com/SwetaSi00713937,,9-6-2020
https://startuptalky.com/blogging-tools/,,,9-6-2020
https://startuptalky.com/blogging-tools/,https://appsumo.8odi.net/gnJWg,,9-6-2020
https://startuptalky.com/blogging-tools/,https://www.instagram.com/startup_talky/,,9-6-2020
https://startuptalky.com/blogging-tools/,https://www.linkedin.com/company/14405761,,9-6-2020
https://startuptalky.com/author/sweta/,https://twitter.com/SwetaSi00713937,,9-6-2020
https://startuptalky.com/author/sweta/,,,9-6-2020
https://startuptalky.com/author/sweta/,https://www.instagram.com/startup_talky/,,9-6-2020
https://startuptalky.com/author/sweta/,https://www.linkedin.com/company/14405761,,9-6-2020
https://startuptalky.com/msme-business-ideas/,,,9-6-2020
https://startuptalky.com/msme-business-ideas/,https://appsumo.8odi.net/gnJWg,,9-6-2020
https://startuptalky.com/msme-business-ideas/,https://www.instagram.com/startup_talky/,,9-6-2020
https://startuptalky.com/msme-business-ideas/,https://www.linkedin.com/company/14405761,,9-6-2020
https://startuptalky.com/author/piyush/,https://www.instagram.com/startup_talky/,,9-6-2020
https://startuptalky.com/author/piyush/,https://www.linkedin.com/company/14405761,,9-6-2020
https://startuptalky.com/author/himaya/,https://www.instagram.com/startup_talky/,,9-6-2020
https://startuptalky.com/author/himaya/,https://www.linkedin.com/company/14405761,,9-6-2020
https://startuptalky.com/author/yash-raj-srivastava/,,,9-6-2020
https://startuptalky.com/author/yash-raj-srivastava/,https://www.instagram.com/startup_talky/,,9-6-2020
https://startuptalky.com/author/yash-raj-srivastava/,https://www.linkedin.com/company/14405761,,9-6-2020
https://startuptalky.com/about-us/,https://docs.google.com/forms/d/e/1FAIpQLScWwv_A1ekTB3emy4pITsae3E09YKNObiCE_0aD64lJ1bwuyw/viewform,,9-6-2020
https://startuptalky.com/about-us/,https://www.instagram.com/startup_talky/,,9-6-2020
https://startuptalky.com/about-us/,https://www.linkedin.com/company/14405761,,9-6-2020
https://startuptalky.com/,https://www.instagram.com/startup_talky/,,7-6-2020
https://startuptalky.com/,https://www.linkedin.com/company/14405761,,7-6-2020
https://startuptalky.com/signup/free/,https://www.instagram.com/startup_talky/,,7-6-2020
https://startuptalky.com/signup/free/,https://www.linkedin.com/company/14405761,,7-6-2020
https://startuptalky.com/signin/,https://www.instagram.com/startup_talky/,,7-6-2020
https://startuptalky.com/signin/,https://www.linkedin.com/company/14405761,,7-6-2020
https://startuptalky.com/account/,https://www.instagram.com/startup_talky/,,7-6-2020
https://startuptalky.com/account/,https://www.linkedin.com/company/14405761,,7-6-2020
https://startuptalky.com/signup/,https://www.instagram.com/startup_talky/,,7-6-2020
https://startuptalky.com/signup/,https://www.linkedin.com/company/14405761,,7-6-2020
https://startuptalky.com/editorial-opportunities/,https://www.instagram.com/startup_talky/,,14-2-2020
https://startuptalky.com/editorial-opportunities/,https://www.linkedin.com/company/14405761,,14-2-2020
https://startuptalky.com/contact-us/,https://www.instagram.com/startup_talky/,,25-1-2020
https://startuptalky.com/contact-us/,https://www.linkedin.com/company/14405761,,25-1-2020
https://startuptalky.com/startuptalky-contributor/,https://www.instagram.com/startup_talky/,,12-0-2020
https://startuptalky.com/startuptalky-contributor/,https://www.linkedin.com/company/14405761,,12-0-2020
https://startuptalky.com/privacy-policy/,https://www.instagram.com/startup_talky/,,10-0-2020
https://startuptalky.com/privacy-policy/,https://www.linkedin.com/company/14405761,,10-0-2020
https://startuptalky.com/startup-founders-interview/,https://www.instagram.com/startup_talky/,,14-10-2019
https://startuptalky.com/startup-founders-interview/,https://www.linkedin.com/company/14405761,,14-10-2019
https://startuptalky.com/copyright/,https://www.instagram.com/startup_talky/,,12-9-2019
https://startuptalky.com/copyright/,https://www.linkedin.com/company/14405761,,12-9-2019
https://startuptalky.com/techniques-to-improve-sewing-business/,,,10-6-2020
https://startuptalky.com/techniques-to-improve-sewing-business/,https://appsumo.8odi.net/gnJWg,,10-6-2020
https://startuptalky.com/techniques-to-improve-sewing-business/,https://www.instagram.com/startup_talky/,,10-6-2020
https://startuptalky.com/techniques-to-improve-sewing-business/,https://www.linkedin.com/company/14405761,,10-6-2020
https://startuptalky.com/insurance-industry-in-india/,,,10-6-2020
https://startuptalky.com/insurance-industry-in-india/,https://appsumo.8odi.net/gnJWg,,10-6-2020
https://startuptalky.com/insurance-industry-in-india/,https://www.instagram.com/startup_talky/,,10-6-2020
https://startuptalky.com/insurance-industry-in-india/,https://www.linkedin.com/company/14405761,,10-6-2020
https://startuptalky.com/author/tushar/,https://www.instagram.com/startup_talky/,,10-6-2020
https://startuptalky.com/author/tushar/,https://www.linkedin.com/company/14405761,,10-6-2020
https://startuptalky.com/author/arbaaz/,https://www.instagram.com/startup_talky/,,10-6-2020
https://startuptalky.com/author/arbaaz/,https://www.linkedin.com/company/14405761,,10-6-2020
https://startuptalky.com/user-com-success-story/,mailto:contact@user.com,,10-6-2020
https://startuptalky.com/user-com-success-story/,http://www.rishabhrathi.co/,,10-6-2020
https://startuptalky.com/user-com-success-story/,https://appsumo.8odi.net/gnJWg,,10-6-2020
https://startuptalky.com/user-com-success-story/,https://www.instagram.com/startup_talky/,,10-6-2020
https://startuptalky.com/user-com-success-story/,https://www.linkedin.com/company/14405761,,10-6-2020
https://startuptalky.com/author/lakshya/,,,10-6-2020
https://startuptalky.com/author/lakshya/,https://www.instagram.com/startup_talky/,,10-6-2020
https://startuptalky.com/author/lakshya/,https://www.linkedin.com/company/14405761,,10-6-2020
https://startuptalky.com/foxmula-success-story/,http://www.rishabhrathi.co/,,10-6-2020
https://startuptalky.com/foxmula-success-story/,https://appsumo.8odi.net/gnJWg,,10-6-2020
https://startuptalky.com/foxmula-success-story/,https://www.instagram.com/startup_talky/,,10-6-2020
https://startuptalky.com/foxmula-success-story/,https://www.linkedin.com/company/14405761,,10-6-2020
https://startuptalky.com/author/startuptalky/,https://www.instagram.com/startup_talky/,,10-6-2020
https://startuptalky.com/author/startuptalky/,https://www.linkedin.com/company/14405761,,10-6-2020
https://startuptalky.com/grabon-coupon-website-success-story/,https://www.bcg.com/publications/2017/five-surprises-indians-shop-online-offline.aspx?redir=true,,10-6-2020
https://startuptalky.com/grabon-coupon-website-success-story/,https://appsumo.8odi.net/gnJWg,,10-6-2020
https://startuptalky.com/grabon-coupon-website-success-story/,https://www.instagram.com/startup_talky/,,10-6-2020
https://startuptalky.com/grabon-coupon-website-success-story/,https://www.linkedin.com/company/14405761,,10-6-2020
https://startuptalky.com/fabrento-success-story/,mailto:hello@fabrento.com,,10-6-2020
https://startuptalky.com/fabrento-success-story/,http://Fabrento_advisor_mentor,,10-6-2020
https://startuptalky.com/fabrento-success-story/,https://www.fabrento.com/mumbai/cms/offer,,10-6-2020
https://startuptalky.com/fabrento-success-story/,http://www.rishabhrathi.co/,,10-6-2020
https://startuptalky.com/fabrento-success-story/,https://appsumo.8odi.net/gnJWg,,10-6-2020
https://startuptalky.com/fabrento-success-story/,https://www.instagram.com/startup_talky/,,10-6-2020
https://startuptalky.com/fabrento-success-story/,https://www.linkedin.com/company/14405761,,10-6-2020
https://startuptalky.com/indian-funding-investor-data/,https://appsumo.8odi.net/gnJWg,,10-6-2020
https://startuptalky.com/indian-funding-investor-data/,https://www.instagram.com/startup_talky/,,10-6-2020
https://startuptalky.com/indian-funding-investor-data/,https://www.linkedin.com/company/14405761,,10-6-2020
https://startuptalky.com/author/jeenal/,https://www.instagram.com/startup_talky/,,10-6-2020
https://startuptalky.com/author/jeenal/,https://www.linkedin.com/company/14405761,,10-6-2020
https://startuptalky.com/author/disha/,https://www.instagram.com/startup_talky/,,10-6-2020
https://startuptalky.com/author/disha/,https://www.linkedin.com/company/14405761,,10-6-2020
https://startuptalky.com/author/rishabhrathi22/,http://www.rishabhrathi.co/,,10-6-2020
https://startuptalky.com/author/rishabhrathi22/,https://www.instagram.com/startup_talky/,,10-6-2020
https://startuptalky.com/author/rishabhrathi22/,https://www.linkedin.com/company/14405761,,10-6-2020
https://startuptalky.com/author/krishna/,https://www.instagram.com/startup_talky/,,10-6-2020
https://startuptalky.com/author/krishna/,https://www.linkedin.com/company/14405761,,10-6-2020
https://startuptalky.com/author/yash/,https://www.instagram.com/startup_talky/,,10-6-2020
https://startuptalky.com/author/yash/,https://www.linkedin.com/company/14405761,,10-6-2020
https://startuptalky.com/gary-vaynerchuk-success-story/,https://appsumo.8odi.net/gnJWg,,10-6-2020
https://startuptalky.com/gary-vaynerchuk-success-story/,https://www.instagram.com/startup_talky/,,10-6-2020
https://startuptalky.com/gary-vaynerchuk-success-story/,https://www.linkedin.com/company/14405761,,10-6-2020
https://startuptalky.com/author/chayanika/,https://www.instagram.com/startup_talky/,,10-6-2020
https://startuptalky.com/author/chayanika/,https://www.linkedin.com/company/14405761,,10-6-2020
https://startuptalky.com/b2b-lead-generation-strategies-tools/,https://appsumo.8odi.net/gnJWg,,10-6-2020
https://startuptalky.com/b2b-lead-generation-strategies-tools/,https://www.instagram.com/startup_talky/,,10-6-2020
https://startuptalky.com/b2b-lead-generation-strategies-tools/,https://www.linkedin.com/company/14405761,,10-6-2020
https://startuptalky.com/author/varad-kitey/,https://twitter.com/VarradKitey,,10-6-2020
https://startuptalky.com/author/varad-kitey/,,,10-6-2020
https://startuptalky.com/author/varad-kitey/,https://www.instagram.com/startup_talky/,,10-6-2020
https://startuptalky.com/author/varad-kitey/,https://www.linkedin.com/company/14405761,,10-6-2020
https://startuptalky.com/author/avantika/,https://twitter.com/AvantikaBhard19,,10-6-2020
https://startuptalky.com/author/avantika/,,,10-6-2020
https://startuptalky.com/author/avantika/,https://www.instagram.com/startup_talky/,,10-6-2020
https://startuptalky.com/author/avantika/,https://www.linkedin.com/company/14405761,,10-6-2020
https://startuptalky.com/college-dropout-indian-entrepreneurs/,https://appsumo.8odi.net/gnJWg,,9-6-2020
https://startuptalky.com/college-dropout-indian-entrepreneurs/,https://www.instagram.com/startup_talky/,,9-6-2020
https://startuptalky.com/college-dropout-indian-entrepreneurs/,https://www.linkedin.com/company/14405761,,9-6-2020
https://startuptalky.com/watasale-first-cashier-free-store-india/,https://appsumo.8odi.net/gnJWg,,9-6-2020
https://startuptalky.com/watasale-first-cashier-free-store-india/,https://www.instagram.com/startup_talky/,,9-6-2020
https://startuptalky.com/watasale-first-cashier-free-store-india/,https://www.linkedin.com/company/14405761,,9-6-2020
https://startuptalky.com/blogging-tools/,https://twitter.com/SwetaSi00713937,,9-6-2020
https://startuptalky.com/blogging-tools/,,,9-6-2020
https://startuptalky.com/blogging-tools/,https://appsumo.8odi.net/gnJWg,,9-6-2020
https://startuptalky.com/blogging-tools/,https://www.instagram.com/startup_talky/,,9-6-2020
https://startuptalky.com/blogging-tools/,https://www.linkedin.com/company/14405761,,9-6-2020
https://startuptalky.com/author/sweta/,https://twitter.com/SwetaSi00713937,,9-6-2020
https://startuptalky.com/author/sweta/,,,9-6-2020
https://startuptalky.com/author/sweta/,https://www.instagram.com/startup_talky/,,9-6-2020
https://startuptalky.com/author/sweta/,https://www.linkedin.com/company/14405761,,9-6-2020
https://startuptalky.com/msme-business-ideas/,,,9-6-2020
https://startuptalky.com/msme-business-ideas/,https://appsumo.8odi.net/gnJWg,,9-6-2020
https://startuptalky.com/msme-business-ideas/,https://www.instagram.com/startup_talky/,,9-6-2020
https://startuptalky.com/msme-business-ideas/,https://www.linkedin.com/company/14405761,,9-6-2020
https://startuptalky.com/author/piyush/,https://www.instagram.com/startup_talky/,,9-6-2020
https://startuptalky.com/author/piyush/,https://www.linkedin.com/company/14405761,,9-6-2020
https://startuptalky.com/author/himaya/,https://www.instagram.com/startup_talky/,,9-6-2020
https://startuptalky.com/author/himaya/,https://www.linkedin.com/company/14405761,,9-6-2020
https://startuptalky.com/author/yash-raj-srivastava/,,,9-6-2020
https://startuptalky.com/author/yash-raj-srivastava/,https://www.instagram.com/startup_talky/,,9-6-2020
https://startuptalky.com/author/yash-raj-srivastava/,https://www.linkedin.com/company/14405761,,9-6-2020
https://startuptalky.com/about-us/,https://docs.google.com/forms/d/e/1FAIpQLScWwv_A1ekTB3emy4pITsae3E09YKNObiCE_0aD64lJ1bwuyw/viewform,,9-6-2020
https://startuptalky.com/about-us/,https://www.instagram.com/startup_talky/,,9-6-2020
https://startuptalky.com/about-us/,https://www.linkedin.com/company/14405761,,9-6-2020
https://startuptalky.com/,https://www.instagram.com/startup_talky/,,7-6-2020
https://startuptalky.com/,https://www.linkedin.com/company/14405761,,7-6-2020
https://startuptalky.com/signup/free/,https://www.instagram.com/startup_talky/,,7-6-2020
https://startuptalky.com/signup/free/,https://www.linkedin.com/company/14405761,,7-6-2020
https://startuptalky.com/signin/,https://www.instagram.com/startup_talky/,,7-6-2020
https://startuptalky.com/signin/,https://www.linkedin.com/company/14405761,,7-6-2020
https://startuptalky.com/account/,https://www.instagram.com/startup_talky/,,7-6-2020
https://startuptalky.com/account/,https://www.linkedin.com/company/14405761,,7-6-2020
https://startuptalky.com/signup/,https://www.instagram.com/startup_talky/,,7-6-2020
https://startuptalky.com/signup/,https://www.linkedin.com/company/14405761,,7-6-2020
https://startuptalky.com/editorial-opportunities/,https://www.instagram.com/startup_talky/,,14-2-2020
https://startuptalky.com/editorial-opportunities/,https://www.linkedin.com/company/14405761,,14-2-2020
https://startuptalky.com/contact-us/,https://www.instagram.com/startup_talky/,,25-1-2020
https://startuptalky.com/contact-us/,https://www.linkedin.com/company/14405761,,25-1-2020
https://startuptalky.com/startuptalky-contributor/,https://www.instagram.com/startup_talky/,,12-0-2020
https://startuptalky.com/startuptalky-contributor/,https://www.linkedin.com/company/14405761,,12-0-2020
https://startuptalky.com/privacy-policy/,https://www.instagram.com/startup_talky/,,10-0-2020
https://startuptalky.com/privacy-policy/,https://www.linkedin.com/company/14405761,,10-0-2020
https://startuptalky.com/startup-founders-interview/,https://www.instagram.com/startup_talky/,,14-10-2019
https://startuptalky.com/startup-founders-interview/,https://www.linkedin.com/company/14405761,,14-10-2019
https://startuptalky.com/copyright/,https://www.instagram.com/startup_talky/,,12-9-2019
https://startuptalky.com/copyright/,https://www.linkedin.com/company/14405761,,12-9-2019
https://startuptalky.com/techniques-to-improve-sewing-business/,,,10-6-2020
https://startuptalky.com/techniques-to-improve-sewing-business/,https://appsumo.8odi.net/gnJWg,,10-6-2020
https://startuptalky.com/techniques-to-improve-sewing-business/,https://www.instagram.com/startup_talky/,,10-6-2020
https://startuptalky.com/techniques-to-improve-sewing-business/,https://www.linkedin.com/company/14405761,,10-6-2020
https://startuptalky.com/insurance-industry-in-india/,,,10-6-2020
https://startuptalky.com/insurance-industry-in-india/,https://appsumo.8odi.net/gnJWg,,10-6-2020
https://startuptalky.com/insurance-industry-in-india/,https://www.instagram.com/startup_talky/,,10-6-2020
https://startuptalky.com/insurance-industry-in-india/,https://www.linkedin.com/company/14405761,,10-6-2020
https://startuptalky.com/author/tushar/,https://www.instagram.com/startup_talky/,,10-6-2020
https://startuptalky.com/author/tushar/,https://www.linkedin.com/company/14405761,,10-6-2020
https://startuptalky.com/author/arbaaz/,https://www.instagram.com/startup_talky/,,10-6-2020
https://startuptalky.com/author/arbaaz/,https://www.linkedin.com/company/14405761,,10-6-2020
https://startuptalky.com/user-com-success-story/,mailto:contact@user.com,,10-6-2020
https://startuptalky.com/user-com-success-story/,http://www.rishabhrathi.co/,,10-6-2020
https://startuptalky.com/user-com-success-story/,https://appsumo.8odi.net/gnJWg,,10-6-2020
https://startuptalky.com/user-com-success-story/,https://www.instagram.com/startup_talky/,,10-6-2020
https://startuptalky.com/user-com-success-story/,https://www.linkedin.com/company/14405761,,10-6-2020
https://startuptalky.com/author/lakshya/,,,10-6-2020
https://startuptalky.com/author/lakshya/,https://www.instagram.com/startup_talky/,,10-6-2020
https://startuptalky.com/author/lakshya/,https://www.linkedin.com/company/14405761,,10-6-2020
https://startuptalky.com/foxmula-success-story/,http://www.rishabhrathi.co/,,10-6-2020
https://startuptalky.com/foxmula-success-story/,https://appsumo.8odi.net/gnJWg,,10-6-2020
https://startuptalky.com/foxmula-success-story/,https://www.instagram.com/startup_talky/,,10-6-2020
https://startuptalky.com/foxmula-success-story/,https://www.linkedin.com/company/14405761,,10-6-2020
https://startuptalky.com/author/startuptalky/,https://www.instagram.com/startup_talky/,,10-6-2020
https://startuptalky.com/author/startuptalky/,https://www.linkedin.com/company/14405761,,10-6-2020
https://startuptalky.com/grabon-coupon-website-success-story/,https://www.bcg.com/publications/2017/five-surprises-indians-shop-online-offline.aspx?redir=true,,10-6-2020
https://startuptalky.com/grabon-coupon-website-success-story/,https://appsumo.8odi.net/gnJWg,,10-6-2020
https://startuptalky.com/grabon-coupon-website-success-story/,https://www.instagram.com/startup_talky/,,10-6-2020
https://startuptalky.com/grabon-coupon-website-success-story/,https://www.linkedin.com/company/14405761,,10-6-2020
https://startuptalky.com/fabrento-success-story/,mailto:hello@fabrento.com,,10-6-2020
https://startuptalky.com/fabrento-success-story/,http://Fabrento_advisor_mentor,,10-6-2020
https://startuptalky.com/fabrento-success-story/,https://www.fabrento.com/mumbai/cms/offer,,10-6-2020
https://startuptalky.com/fabrento-success-story/,http://www.rishabhrathi.co/,,10-6-2020
https://startuptalky.com/fabrento-success-story/,https://appsumo.8odi.net/gnJWg,,10-6-2020
https://startuptalky.com/fabrento-success-story/,https://www.instagram.com/startup_talky/,,10-6-2020
https://startuptalky.com/fabrento-success-story/,https://www.linkedin.com/company/14405761,,10-6-2020
https://startuptalky.com/indian-funding-investor-data/,https://appsumo.8odi.net/gnJWg,,10-6-2020
https://startuptalky.com/indian-funding-investor-data/,https://www.instagram.com/startup_talky/,,10-6-2020
https://startuptalky.com/indian-funding-investor-data/,https://www.linkedin.com/company/14405761,,10-6-2020
https://startuptalky.com/author/jeenal/,https://www.instagram.com/startup_talky/,,10-6-2020
https://startuptalky.com/author/jeenal/,https://www.linkedin.com/company/14405761,,10-6-2020
https://startuptalky.com/author/disha/,https://www.instagram.com/startup_talky/,,10-6-2020
https://startuptalky.com/author/disha/,https://www.linkedin.com/company/14405761,,10-6-2020
https://startuptalky.com/author/rishabhrathi22/,http://www.rishabhrathi.co/,,10-6-2020
https://startuptalky.com/author/rishabhrathi22/,https://www.instagram.com/startup_talky/,,10-6-2020
https://startuptalky.com/author/rishabhrathi22/,https://www.linkedin.com/company/14405761,,10-6-2020
https://startuptalky.com/author/krishna/,https://www.instagram.com/startup_talky/,,10-6-2020
https://startuptalky.com/author/krishna/,https://www.linkedin.com/company/14405761,,10-6-2020
https://startuptalky.com/author/yash/,https://www.instagram.com/startup_talky/,,10-6-2020
https://startuptalky.com/author/yash/,https://www.linkedin.com/company/14405761,,10-6-2020
https://startuptalky.com/gary-vaynerchuk-success-story/,https://appsumo.8odi.net/gnJWg,,10-6-2020
https://startuptalky.com/gary-vaynerchuk-success-story/,https://www.instagram.com/startup_talky/,,10-6-2020
https://startuptalky.com/gary-vaynerchuk-success-story/,https://www.linkedin.com/company/14405761,,10-6-2020
https://startuptalky.com/author/chayanika/,https://www.instagram.com/startup_talky/,,10-6-2020
https://startuptalky.com/author/chayanika/,https://www.linkedin.com/company/14405761,,10-6-2020
https://startuptalky.com/b2b-lead-generation-strategies-tools/,https://appsumo.8odi.net/gnJWg,,10-6-2020
https://startuptalky.com/b2b-lead-generation-strategies-tools/,https://www.instagram.com/startup_talky/,,10-6-2020
https://startuptalky.com/b2b-lead-generation-strategies-tools/,https://www.linkedin.com/company/14405761,,10-6-2020
https://startuptalky.com/author/varad-kitey/,https://twitter.com/VarradKitey,,10-6-2020
https://startuptalky.com/author/varad-kitey/,,,10-6-2020
https://startuptalky.com/author/varad-kitey/,https://www.instagram.com/startup_talky/,,10-6-2020
https://startuptalky.com/author/varad-kitey/,https://www.linkedin.com/company/14405761,,10-6-2020
https://startuptalky.com/author/avantika/,https://twitter.com/AvantikaBhard19,,10-6-2020
https://startuptalky.com/author/avantika/,,,10-6-2020
https://startuptalky.com/author/avantika/,https://www.instagram.com/startup_talky/,,10-6-2020
https://startuptalky.com/author/avantika/,https://www.linkedin.com/company/14405761,,10-6-2020
https://startuptalky.com/college-dropout-indian-entrepreneurs/,https://appsumo.8odi.net/gnJWg,,9-6-2020
https://startuptalky.com/college-dropout-indian-entrepreneurs/,https://www.instagram.com/startup_talky/,,9-6-2020
https://startuptalky.com/college-dropout-indian-entrepreneurs/,https://www.linkedin.com/company/14405761,,9-6-2020
https://startuptalky.com/watasale-first-cashier-free-store-india/,https://appsumo.8odi.net/gnJWg,,9-6-2020
https://startuptalky.com/watasale-first-cashier-free-store-india/,https://www.instagram.com/startup_talky/,,9-6-2020
https://startuptalky.com/watasale-first-cashier-free-store-india/,https://www.linkedin.com/company/14405761,,9-6-2020
https://startuptalky.com/blogging-tools/,https://twitter.com/SwetaSi00713937,,9-6-2020
https://startuptalky.com/blogging-tools/,,,9-6-2020
https://startuptalky.com/blogging-tools/,https://appsumo.8odi.net/gnJWg,,9-6-2020
https://startuptalky.com/blogging-tools/,https://www.instagram.com/startup_talky/,,9-6-2020
https://startuptalky.com/blogging-tools/,https://www.linkedin.com/company/14405761,,9-6-2020
https://startuptalky.com/author/sweta/,https://twitter.com/SwetaSi00713937,,9-6-2020
https://startuptalky.com/author/sweta/,,,9-6-2020
https://startuptalky.com/author/sweta/,https://www.instagram.com/startup_talky/,,9-6-2020
https://startuptalky.com/author/sweta/,https://www.linkedin.com/company/14405761,,9-6-2020
https://startuptalky.com/msme-business-ideas/,,,9-6-2020
https://startuptalky.com/msme-business-ideas/,https://appsumo.8odi.net/gnJWg,,9-6-2020
https://startuptalky.com/msme-business-ideas/,https://www.instagram.com/startup_talky/,,9-6-2020
https://startuptalky.com/msme-business-ideas/,https://www.linkedin.com/company/14405761,,9-6-2020
https://startuptalky.com/author/piyush/,https://www.instagram.com/startup_talky/,,9-6-2020
https://startuptalky.com/author/piyush/,https://www.linkedin.com/company/14405761,,9-6-2020
https://startuptalky.com/author/himaya/,https://www.instagram.com/startup_talky/,,9-6-2020
https://startuptalky.com/author/himaya/,https://www.linkedin.com/company/14405761,,9-6-2020
https://startuptalky.com/author/yash-raj-srivastava/,,,9-6-2020
https://startuptalky.com/author/yash-raj-srivastava/,https://www.instagram.com/startup_talky/,,9-6-2020
https://startuptalky.com/author/yash-raj-srivastava/,https://www.linkedin.com/company/14405761,,9-6-2020
https://startuptalky.com/about-us/,https://docs.google.com/forms/d/e/1FAIpQLScWwv_A1ekTB3emy4pITsae3E09YKNObiCE_0aD64lJ1bwuyw/viewform,,9-6-2020
https://startuptalky.com/about-us/,https://www.instagram.com/startup_talky/,,9-6-2020
https://startuptalky.com/about-us/,https://www.linkedin.com/company/14405761,,9-6-2020
https://startuptalky.com/,https://www.instagram.com/startup_talky/,,7-6-2020
https://startuptalky.com/,https://www.linkedin.com/company/14405761,,7-6-2020
https://startuptalky.com/signup/free/,https://www.instagram.com/startup_talky/,,7-6-2020
https://startuptalky.com/signup/free/,https://www.linkedin.com/company/14405761,,7-6-2020
https://startuptalky.com/signin/,https://www.instagram.com/startup_talky/,,7-6-2020
https://startuptalky.com/signin/,https://www.linkedin.com/company/14405761,,7-6-2020
https://startuptalky.com/account/,https://www.instagram.com/startup_talky/,,7-6-2020
https://startuptalky.com/account/,https://www.linkedin.com/company/14405761,,7-6-2020
https://startuptalky.com/signup/,https://www.instagram.com/startup_talky/,,7-6-2020
https://startuptalky.com/signup/,https://www.linkedin.com/company/14405761,,7-6-2020
https://startuptalky.com/editorial-opportunities/,https://www.instagram.com/startup_talky/,,14-2-2020
https://startuptalky.com/editorial-opportunities/,https://www.linkedin.com/company/14405761,,14-2-2020
https://startuptalky.com/contact-us/,https://www.instagram.com/startup_talky/,,25-1-2020
https://startuptalky.com/contact-us/,https://www.linkedin.com/company/14405761,,25-1-2020
https://startuptalky.com/startuptalky-contributor/,https://www.instagram.com/startup_talky/,,12-0-2020
https://startuptalky.com/startuptalky-contributor/,https://www.linkedin.com/company/14405761,,12-0-2020
https://startuptalky.com/privacy-policy/,https://www.instagram.com/startup_talky/,,10-0-2020
https://startuptalky.com/privacy-policy/,https://www.linkedin.com/company/14405761,,10-0-2020
https://startuptalky.com/startup-founders-interview/,https://www.instagram.com/startup_talky/,,14-10-2019
https://startuptalky.com/startup-founders-interview/,https://www.linkedin.com/company/14405761,,14-10-2019
https://startuptalky.com/copyright/,https://www.instagram.com/startup_talky/,,12-9-2019
https://startuptalky.com/copyright/,https://www.linkedin.com/company/14405761,,12-9-2019
https://startuptalky.com/techniques-to-improve-sewing-business/,,,10-6-2020
https://startuptalky.com/techniques-to-improve-sewing-business/,https://appsumo.8odi.net/gnJWg,,10-6-2020
https://startuptalky.com/techniques-to-improve-sewing-business/,https://www.instagram.com/startup_talky/,,10-6-2020
https://startuptalky.com/techniques-to-improve-sewing-business/,https://www.linkedin.com/company/14405761,,10-6-2020
https://startuptalky.com/insurance-industry-in-india/,,,10-6-2020
https://startuptalky.com/insurance-industry-in-india/,https://appsumo.8odi.net/gnJWg,,10-6-2020
https://startuptalky.com/insurance-industry-in-india/,https://www.instagram.com/startup_talky/,,10-6-2020
https://startuptalky.com/insurance-industry-in-india/,https://www.linkedin.com/company/14405761,,10-6-2020
https://startuptalky.com/author/tushar/,https://www.instagram.com/startup_talky/,,10-6-2020
https://startuptalky.com/author/tushar/,https://www.linkedin.com/company/14405761,,10-6-2020
https://startuptalky.com/author/arbaaz/,https://www.instagram.com/startup_talky/,,10-6-2020
https://startuptalky.com/author/arbaaz/,https://www.linkedin.com/company/14405761,,10-6-2020
https://startuptalky.com/user-com-success-story/,mailto:contact@user.com,,10-6-2020
https://startuptalky.com/user-com-success-story/,http://www.rishabhrathi.co/,,10-6-2020
https://startuptalky.com/user-com-success-story/,https://appsumo.8odi.net/gnJWg,,10-6-2020
https://startuptalky.com/user-com-success-story/,https://www.instagram.com/startup_talky/,,10-6-2020
https://startuptalky.com/user-com-success-story/,https://www.linkedin.com/company/14405761,,10-6-2020
https://startuptalky.com/author/lakshya/,,,10-6-2020
https://startuptalky.com/author/lakshya/,https://www.instagram.com/startup_talky/,,10-6-2020
https://startuptalky.com/author/lakshya/,https://www.linkedin.com/company/14405761,,10-6-2020
https://startuptalky.com/foxmula-success-story/,http://www.rishabhrathi.co/,,10-6-2020
https://startuptalky.com/foxmula-success-story/,https://appsumo.8odi.net/gnJWg,,10-6-2020
https://startuptalky.com/foxmula-success-story/,https://www.instagram.com/startup_talky/,,10-6-2020
https://startuptalky.com/foxmula-success-story/,https://www.linkedin.com/company/14405761,,10-6-2020
https://startuptalky.com/author/startuptalky/,https://www.instagram.com/startup_talky/,,10-6-2020
https://startuptalky.com/author/startuptalky/,https://www.linkedin.com/company/14405761,,10-6-2020
https://startuptalky.com/grabon-coupon-website-success-story/,https://www.bcg.com/publications/2017/five-surprises-indians-shop-online-offline.aspx?redir=true,,10-6-2020
https://startuptalky.com/grabon-coupon-website-success-story/,https://appsumo.8odi.net/gnJWg,,10-6-2020
https://startuptalky.com/grabon-coupon-website-success-story/,https://www.instagram.com/startup_talky/,,10-6-2020
https://startuptalky.com/grabon-coupon-website-success-story/,https://www.linkedin.com/company/14405761,,10-6-2020
https://startuptalky.com/fabrento-success-story/,mailto:hello@fabrento.com,,10-6-2020
https://startuptalky.com/fabrento-success-story/,http://Fabrento_advisor_mentor,,10-6-2020
https://startuptalky.com/fabrento-success-story/,https://www.fabrento.com/mumbai/cms/offer,,10-6-2020
https://startuptalky.com/fabrento-success-story/,http://www.rishabhrathi.co/,,10-6-2020
https://startuptalky.com/fabrento-success-story/,https://appsumo.8odi.net/gnJWg,,10-6-2020
https://startuptalky.com/fabrento-success-story/,https://www.instagram.com/startup_talky/,,10-6-2020
https://startuptalky.com/fabrento-success-story/,https://www.linkedin.com/company/14405761,,10-6-2020
https://startuptalky.com/indian-funding-investor-data/,https://appsumo.8odi.net/gnJWg,,10-6-2020
https://startuptalky.com/indian-funding-investor-data/,https://www.instagram.com/startup_talky/,,10-6-2020
https://startuptalky.com/indian-funding-investor-data/,https://www.linkedin.com/company/14405761,,10-6-2020
https://startuptalky.com/author/jeenal/,https://www.instagram.com/startup_talky/,,10-6-2020
https://startuptalky.com/author/jeenal/,https://www.linkedin.com/company/14405761,,10-6-2020
https://startuptalky.com/author/disha/,https://www.instagram.com/startup_talky/,,10-6-2020
https://startuptalky.com/author/disha/,https://www.linkedin.com/company/14405761,,10-6-2020
https://startuptalky.com/author/rishabhrathi22/,http://www.rishabhrathi.co/,,10-6-2020
https://startuptalky.com/author/rishabhrathi22/,https://www.instagram.com/startup_talky/,,10-6-2020
https://startuptalky.com/author/rishabhrathi22/,https://www.linkedin.com/company/14405761,,10-6-2020
https://startuptalky.com/author/krishna/,https://www.instagram.com/startup_talky/,,10-6-2020
https://startuptalky.com/author/krishna/,https://www.linkedin.com/company/14405761,,10-6-2020
https://startuptalky.com/author/yash/,https://www.instagram.com/startup_talky/,,10-6-2020
https://startuptalky.com/author/yash/,https://www.linkedin.com/company/14405761,,10-6-2020
https://startuptalky.com/gary-vaynerchuk-success-story/,https://appsumo.8odi.net/gnJWg,,10-6-2020
https://startuptalky.com/gary-vaynerchuk-success-story/,https://www.instagram.com/startup_talky/,,10-6-2020
https://startuptalky.com/gary-vaynerchuk-success-story/,https://www.linkedin.com/company/14405761,,10-6-2020
https://startuptalky.com/author/chayanika/,https://www.instagram.com/startup_talky/,,10-6-2020
https://startuptalky.com/author/chayanika/,https://www.linkedin.com/company/14405761,,10-6-2020
https://startuptalky.com/b2b-lead-generation-strategies-tools/,https://appsumo.8odi.net/gnJWg,,10-6-2020
https://startuptalky.com/b2b-lead-generation-strategies-tools/,https://www.instagram.com/startup_talky/,,10-6-2020
https://startuptalky.com/b2b-lead-generation-strategies-tools/,https://www.linkedin.com/company/14405761,,10-6-2020
https://startuptalky.com/author/varad-kitey/,https://twitter.com/VarradKitey,,10-6-2020
https://startuptalky.com/author/varad-kitey/,,,10-6-2020
https://startuptalky.com/author/varad-kitey/,https://www.instagram.com/startup_talky/,,10-6-2020
https://startuptalky.com/author/varad-kitey/,https://www.linkedin.com/company/14405761,,10-6-2020
https://startuptalky.com/author/avantika/,https://twitter.com/AvantikaBhard19,,10-6-2020
https://startuptalky.com/author/avantika/,,,10-6-2020
https://startuptalky.com/author/avantika/,https://www.instagram.com/startup_talky/,,10-6-2020
https://startuptalky.com/author/avantika/,https://www.linkedin.com/company/14405761,,10-6-2020
https://startuptalky.com/college-dropout-indian-entrepreneurs/,https://appsumo.8odi.net/gnJWg,,9-6-2020
https://startuptalky.com/college-dropout-indian-entrepreneurs/,https://www.instagram.com/startup_talky/,,9-6-2020
https://startuptalky.com/college-dropout-indian-entrepreneurs/,https://www.linkedin.com/company/14405761,,9-6-2020
https://startuptalky.com/watasale-first-cashier-free-store-india/,https://appsumo.8odi.net/gnJWg,,9-6-2020
https://startuptalky.com/watasale-first-cashier-free-store-india/,https://www.instagram.com/startup_talky/,,9-6-2020
https://startuptalky.com/watasale-first-cashier-free-store-india/,https://www.linkedin.com/company/14405761,,9-6-2020
https://startuptalky.com/blogging-tools/,https://twitter.com/SwetaSi00713937,,9-6-2020
https://startuptalky.com/blogging-tools/,,,9-6-2020
https://startuptalky.com/blogging-tools/,https://appsumo.8odi.net/gnJWg,,9-6-2020
https://startuptalky.com/blogging-tools/,https://www.instagram.com/startup_talky/,,9-6-2020
https://startuptalky.com/blogging-tools/,https://www.linkedin.com/company/14405761,,9-6-2020
https://startuptalky.com/author/sweta/,https://twitter.com/SwetaSi00713937,,9-6-2020
https://startuptalky.com/author/sweta/,,,9-6-2020
https://startuptalky.com/author/sweta/,https://www.instagram.com/startup_talky/,,9-6-2020
https://startuptalky.com/author/sweta/,https://www.linkedin.com/company/14405761,,9-6-2020
https://startuptalky.com/msme-business-ideas/,,,9-6-2020
https://startuptalky.com/msme-business-ideas/,https://appsumo.8odi.net/gnJWg,,9-6-2020
https://startuptalky.com/msme-business-ideas/,https://www.instagram.com/startup_talky/,,9-6-2020
https://startuptalky.com/msme-business-ideas/,https://www.linkedin.com/company/14405761,,9-6-2020
https://startuptalky.com/author/piyush/,https://www.instagram.com/startup_talky/,,9-6-2020
https://startuptalky.com/author/piyush/,https://www.linkedin.com/company/14405761,,9-6-2020
https://startuptalky.com/author/himaya/,https://www.instagram.com/startup_talky/,,9-6-2020
https://startuptalky.com/author/himaya/,https://www.linkedin.com/company/14405761,,9-6-2020
https://startuptalky.com/author/yash-raj-srivastava/,,,9-6-2020
https://startuptalky.com/author/yash-raj-srivastava/,https://www.instagram.com/startup_talky/,,9-6-2020
https://startuptalky.com/author/yash-raj-srivastava/,https://www.linkedin.com/company/14405761,,9-6-2020
https://startuptalky.com/about-us/,https://docs.google.com/forms/d/e/1FAIpQLScWwv_A1ekTB3emy4pITsae3E09YKNObiCE_0aD64lJ1bwuyw/viewform,,9-6-2020
https://startuptalky.com/about-us/,https://www.instagram.com/startup_talky/,,9-6-2020
https://startuptalky.com/about-us/,https://www.linkedin.com/company/14405761,,9-6-2020
https://startuptalky.com/,https://www.instagram.com/startup_talky/,,7-6-2020
https://startuptalky.com/,https://www.linkedin.com/company/14405761,,7-6-2020
https://startuptalky.com/signup/free/,https://www.instagram.com/startup_talky/,,7-6-2020
https://startuptalky.com/signup/free/,https://www.linkedin.com/company/14405761,,7-6-2020
https://startuptalky.com/signin/,https://www.instagram.com/startup_talky/,,7-6-2020
https://startuptalky.com/signin/,https://www.linkedin.com/company/14405761,,7-6-2020
https://startuptalky.com/account/,https://www.instagram.com/startup_talky/,,7-6-2020
https://startuptalky.com/account/,https://www.linkedin.com/company/14405761,,7-6-2020
https://startuptalky.com/signup/,https://www.instagram.com/startup_talky/,,7-6-2020
https://startuptalky.com/signup/,https://www.linkedin.com/company/14405761,,7-6-2020
https://startuptalky.com/editorial-opportunities/,https://www.instagram.com/startup_talky/,,14-2-2020
https://startuptalky.com/editorial-opportunities/,https://www.linkedin.com/company/14405761,,14-2-2020
https://startuptalky.com/contact-us/,https://www.instagram.com/startup_talky/,,25-1-2020
https://startuptalky.com/contact-us/,https://www.linkedin.com/company/14405761,,25-1-2020
https://startuptalky.com/startuptalky-contributor/,https://www.instagram.com/startup_talky/,,12-0-2020
https://startuptalky.com/startuptalky-contributor/,https://www.linkedin.com/company/14405761,,12-0-2020
https://startuptalky.com/privacy-policy/,https://www.instagram.com/startup_talky/,,10-0-2020
https://startuptalky.com/privacy-policy/,https://www.linkedin.com/company/14405761,,10-0-2020
https://startuptalky.com/startup-founders-interview/,https://www.instagram.com/startup_talky/,,14-10-2019
https://startuptalky.com/startup-founders-interview/,https://www.linkedin.com/company/14405761,,14-10-2019
https://startuptalky.com/copyright/,https://www.instagram.com/startup_talky/,,12-9-2019
https://startuptalky.com/copyright/,https://www.linkedin.com/company/14405761,,12-9-2019
